-- phpMyAdmin SQL Dump
-- version 5.2.1
-- https://www.phpmyadmin.net/
--
-- Host: 127.0.0.1:3306
-- Tempo de geração: 26-Jan-2025 às 20:41
-- Versão do servidor: 8.3.0
-- versão do PHP: 8.2.18

SET SQL_MODE = "NO_AUTO_VALUE_ON_ZERO";
START TRANSACTION;
SET time_zone = "+00:00";


/*!40101 SET @OLD_CHARACTER_SET_CLIENT=@@CHARACTER_SET_CLIENT */;
/*!40101 SET @OLD_CHARACTER_SET_RESULTS=@@CHARACTER_SET_RESULTS */;
/*!40101 SET @OLD_COLLATION_CONNECTION=@@COLLATION_CONNECTION */;
/*!40101 SET NAMES utf8mb4 */;

--
-- Banco de dados: `tcc_museu`
--

-- --------------------------------------------------------

--
-- Estrutura da tabela `avaliacoes`
--

DROP TABLE IF EXISTS `avaliacoes`;
CREATE TABLE IF NOT EXISTS `avaliacoes` (
  `id_aval` int NOT NULL,
  `id_usuario` int DEFAULT NULL,
  `id_obj` int DEFAULT NULL,
  `avaliacao` text,
  PRIMARY KEY (`id_aval`),
  KEY `fk_id_usuario` (`id_usuario`),
  KEY `fk_id_obj` (`id_obj`)
) ENGINE=InnoDB DEFAULT CHARSET=utf8mb4 COLLATE=utf8mb4_0900_ai_ci;

-- --------------------------------------------------------

--
-- Estrutura da tabela `comentarios`
--

DROP TABLE IF EXISTS `comentarios`;
CREATE TABLE IF NOT EXISTS `comentarios` (
  `id_com` int NOT NULL AUTO_INCREMENT,
  `id_usuario` int DEFAULT NULL,
  `id_obj` int DEFAULT NULL,
  `comentario` varchar(255) DEFAULT NULL,
  `nome` varchar(255) NOT NULL,
  PRIMARY KEY (`id_com`),
  KEY `fk_c_id_usuario` (`id_usuario`),
  KEY `fk_c_id_obj` (`id_obj`)
) ENGINE=InnoDB AUTO_INCREMENT=8 DEFAULT CHARSET=utf8mb4 COLLATE=utf8mb4_0900_ai_ci;

--
-- Extraindo dados da tabela `comentarios`
--

INSERT INTO `comentarios` (`id_com`, `id_usuario`, `id_obj`, `comentario`, `nome`) VALUES
(1, 34, 16, 'ext. It has roots in a piece of classical Latin literature from 45 BC, making it', ''),
(2, 39, 16, 'g it over 2000 years old. R', 'Uriel'),
(3, 34, 16, 'sfdvgsfg', 'Mundo Animal'),
(4, 34, 12, 'sadsd', 'Mundo Animal'),
(5, 34, 12, 'amendoim', 'Mundo Animal'),
(6, 40, 15, 'Mundo animal', 'Aldeído'),
(7, 34, 15, 'Eae rapa!', 'Mundo Animal');

-- --------------------------------------------------------

--
-- Estrutura da tabela `objeto`
--

DROP TABLE IF EXISTS `objeto`;
CREATE TABLE IF NOT EXISTS `objeto` (
  `id_obj` int NOT NULL AUTO_INCREMENT,
  `nome` varchar(255) NOT NULL,
  `data_criacao` date NOT NULL,
  `data_chegada` date NOT NULL,
  `condicao` varchar(255) NOT NULL,
  `historia` text NOT NULL,
  `arquivo` varchar(255) NOT NULL,
  `pais_origem` varchar(255) NOT NULL,
  `cidade_origem` varchar(255) NOT NULL,
  PRIMARY KEY (`id_obj`)
) ENGINE=InnoDB AUTO_INCREMENT=18 DEFAULT CHARSET=utf8mb4 COLLATE=utf8mb4_0900_ai_ci;

--
-- Extraindo dados da tabela `objeto`
--

INSERT INTO `objeto` (`id_obj`, `nome`, `data_criacao`, `data_chegada`, `condicao`, `historia`, `arquivo`, `pais_origem`, `cidade_origem`) VALUES
(12, 'Espada medieval', '1500-02-04', '1980-05-08', 'Boa', 'What is Lorem Ipsum?\r\nLorem Ipsum is simply dummy text of the printing and typesetting industry. Lorem Ipsum has been the industrys standard dummy text ever since the 1500s, when an unknown printer took a galley of type and scrambled it to make a type specimen book. It has survived not only five centuries, but also the leap into electronic typesetting, remaining essentially unchanged. It was popularised in the 1960s with the release of Letraset sheets containing Lorem Ipsum passages, and more recently with desktop publishing software like Aldus PageMaker including versions of Lorem Ipsum.\r\n\r\nWhy do we use it?\r\nIt is a long established fact that a reader will be distracted by the readable content of a page when looking at its layout. The point of using Lorem Ipsum is that it has a more-or-less normal distribution of letters, as opposed to using Content here, content here, making it look like readable English. Many desktop publishing packages and web page editors now use Lorem Ipsum as their default model text, and a search for lorem ipsum will uncover many web sites still in their infancy. Various versions have evolved over the years, sometimes by accident, sometimes on purpose (injected humour and the like).\r\n\r\n\r\nWhere does it come from?\r\nContrary to popular belief, Lorem Ipsum is not simply random text. It has roots in a piece of classical Latin literature from 45 BC, making it over 2000 years old. Richard McClintock, a Latin professor at Hampden-Sydney College in Virginia, looked up one of the more obscure Latin words, consectetur, from a Lorem Ipsum passage, and going through the cites of the word in classical literature, discovered the undoubtable source. Lorem Ipsum comes from sections 1.10.32 and 1.10.33 of \"de Finibus Bonorum et Malorum\" (The Extremes of Good and Evil) by Cicero, written in 45 BC. This book is a treatise on the theory of ethics, very popular during the Renaissance. The first line of Lorem Ipsum, \"Lorem ipsum dolor sit amet..\", comes from a line in section 1.10.32.', '67782b3183bc5.jpg', 'Portugal', ''),
(13, ' TRIUMPH 1800 ROADSTER', '1946-01-01', '2004-03-04', 'Média', 'Why do we use it?\nIt is a long established fact that a reader will be distracted by the readable content of a page when looking at its layout. The point of using Lorem Ipsum is that it has a more-or-less normal distribution of letters, as opposed to using Content here, content here, making it look like readable English. Many desktop publishing packages and web page editors now use Lorem Ipsum as their default model text, and a search for lorem ipsum will uncover many web sites still in their infancy. Various versions have evolved over the years, sometimes by accident, sometimes on purpose (injected humour and the like).\n\n\nWhere does it come from?\nContrary to popular belief, Lorem Ipsum is not simply random text. It has roots in a piece of classical Latin literature from 45 BC, making it over 2000 years old. Richard McClintock, a Latin professor at Hampden-Sydney College in Virginia, looked up one of the more obscure Latin words, consectetur, from a Lorem Ipsum passage, and going through the cites of the word in classical literature, discovered the undoubtable source. Lorem Ipsum comes from sections 1.10.32 and 1.10.33 of \"de Finibus Bonorum et Malorum\" (The Extremes of Good and Evil) by Cicero, written in 45 BC. This book is a treatise on the theory of ethics, very popular during the Renaissance. The first line of Lorem Ipsum, \"Lorem ipsum dolor sit amet..\", comes from a line in section 1.10.32.', '67782d3338250.jpg', 'EUA', ''),
(15, 'Militar', '1900-05-05', '1940-05-05', 'ee', 'Why do we use it?\nIt is a long established fact that a reader will be distracted by the readable content of a page when looking at its layout. The point of using Lorem Ipsum is that it has a more-or-less normal distribution of letters, as opposed to using Content here, content here, making it look like readable English. Many desktop publishing packages and web page editors now use Lorem Ipsum as their default model text, and a search for lorem ipsum will uncover many web sites still in their infancy. Various versions have evolved over the years, sometimes by accident, sometimes on purpose (injected humour and the like).\n\n\nWhere does it come from?\nContrary to popular belief, Lorem Ipsum is not simply random text. It has roots in a piece of classical Latin literature from 45 BC, making it over 2000 years old. Richard McClintock, a Latin professor at Hampden-Sydney College in Virginia, looked up one of the more obscure Latin words, consectetur, from a Lorem Ipsum passage, and going through the cites of the word in classical literature, discovered the undoubtable source. Lorem Ipsum comes from sections 1.10.32 and 1.10.33 of \"de Finibus Bonorum et Malorum\" (The Extremes of Good and Evil) by Cicero, written in 45 BC. This book is a treatise on the theory of ethics, very popular during the Renaissance. The first line of Lorem Ipsum, \"Lorem ipsum dolor sit amet..\", comes from a line in section 1.10.32.', '6781050fe4e6f.jpg', 'ee', ''),
(16, 'eeee', '1800-06-06', '1950-11-11', 'rr', 'is that it has a more-or-less normal distribution of letters, as opposed to using Content here, content here, making it look like readable English. Many desktop publishing packages and web page editors now use Lorem Ipsum as their default model text, and a search for lorem ipsum will uncover many web sites still in their infancy. Various versions have evolved over the years, sometimes by accident, sometimes on purpose (injected humour and the like).\\n\\n\\nWhere does it come from?\\nContrary to popular belief, Lorem Ipsum is not simply random text. It has roots in a piece of classical Latin literature from 45 BC, making it over 2000 years old. Richard McClintock, a Latin professor at Hampden-Sydney College in Virginia, looked up one of the more obscure Latin words, consectetur, from a Lorem Ipsum passage, and going through the cites of the word in classical literature, dis', '67810530eb668.jpg', 'rr', ''),
(17, 'rfffffffffffffff', '2000-02-22', '2010-04-04', 'ddddddddd', 'able content of a page when looking at its layout. The point of using Lorem Ipsum is that it has a more-or-less normal distribution of letters, as opposed to using Content here, content here, making it look like readable English. Many desktop publishing packages and web page editors now use Lorem Ipsum as their default model text, and a search for lorem ipsum will uncover many web sites still in their infancy. Various versions have evolved over the years, sometimes by accident, sometimes on purpose (injected humour and the like).\n\n\nWhere does it come from?\nContrary to popular belief, Lorem Ipsum is not simply random text. It has roots in a piece of classical Latin literature from 45 BC, making it over 2000 years old. Richard McClintock, a Latin professor at Hampden-Sydney College in Virginia, looked up one of the more obscure Latin words, consectetur, from a Lorem Ipsum passage, and going through the cites of the word in classical literature, discovered the undoubtable source. Lorem Ipsum comes from sections 1.10.32 and 1.10.33 of \"de Finibus Bonorum et Malorum\" (The Extremes of Good and Evil) by Cicero, written in 45 BC. This book is a treatise on the theory of ethics, very popular during the Renaissance. The first line of Lorem Ipsum, \"Lorem ipsum dolor sit amet..\", comes from a line in section 1.10.32.', '6781055c1169d.jpg', 'ddddd', '');

-- --------------------------------------------------------

--
-- Estrutura da tabela `recuperar_senha`
--

DROP TABLE IF EXISTS `recuperar_senha`;
CREATE TABLE IF NOT EXISTS `recuperar_senha` (
  `email` varchar(255) NOT NULL,
  `token` char(100) NOT NULL,
  `data_criacao` datetime NOT NULL,
  `usado` tinyint NOT NULL
) ENGINE=MyISAM DEFAULT CHARSET=utf8mb4 COLLATE=utf8mb4_0900_ai_ci;

--
-- Extraindo dados da tabela `recuperar_senha`
--

INSERT INTO `recuperar_senha` (`email`, `token`, `data_criacao`, `usado`) VALUES
('uriel.2022316043@aluno.iffar.edu.br', '4c06af688027deceb8918ecd4e121217f7fb0199039c8f81d9555ed8d7dcd8bf06e99305dac40e060f6b59c29a83dc7af281', '2025-01-06 11:20:32', 0),
('uriel.2022316043@aluno.iffar.edu.br', '0eb3d9bd5f38d76302fa8e91eead965283f059335ad95c31aac07db24d573b33e67ee20309375b7b41acb6639d4b8fa3c794', '2025-01-06 11:32:54', 1);

-- --------------------------------------------------------

--
-- Estrutura da tabela `usuario`
--

DROP TABLE IF EXISTS `usuario`;
CREATE TABLE IF NOT EXISTS `usuario` (
  `id_usuario` int NOT NULL AUTO_INCREMENT,
  `nome` varchar(255) NOT NULL,
  `senha` varchar(255) NOT NULL,
  `data_nasc` date NOT NULL,
  `cpf` varchar(11) NOT NULL,
  `status` int NOT NULL,
  `foto_perfil` varchar(255) NOT NULL,
  `email` varchar(255) NOT NULL,
  PRIMARY KEY (`id_usuario`),
  UNIQUE KEY `email` (`email`)
) ENGINE=InnoDB AUTO_INCREMENT=41 DEFAULT CHARSET=utf8mb4 COLLATE=utf8mb4_0900_ai_ci;

--
-- Extraindo dados da tabela `usuario`
--

INSERT INTO `usuario` (`id_usuario`, `nome`, `senha`, `data_nasc`, `cpf`, `status`, `foto_perfil`, `email`) VALUES
(34, 'Mundo Animal', 'ddd', '2024-07-27', '00022233352', 0, '', 'mundoanimal@gmail.com'),
(37, 'admnistrador', '123', '2000-05-24', '77788899900', 1, '', 'adm@gmail.com'),
(39, 'Uriel', '123', '0000-00-00', '05767293023', 0, '', 'uriel.2022316043@aluno.iffar.edu.br'),
(40, 'Aldeído', '123', '0000-00-00', '99988877766', 0, '', 'aldeido@gmail.com');

-- --------------------------------------------------------

--
-- Estrutura da tabela `visita`
--

DROP TABLE IF EXISTS `visita`;
CREATE TABLE IF NOT EXISTS `visita` (
  `id_visita` int NOT NULL,
  `data` datetime DEFAULT NULL,
  `hora` datetime DEFAULT NULL,
  `num_visitas` int DEFAULT NULL,
  PRIMARY KEY (`id_visita`)
) ENGINE=InnoDB DEFAULT CHARSET=utf8mb4 COLLATE=utf8mb4_0900_ai_ci;

--
-- Restrições para despejos de tabelas
--

--
-- Limitadores para a tabela `avaliacoes`
--
ALTER TABLE `avaliacoes`
  ADD CONSTRAINT `fk_id_obj` FOREIGN KEY (`id_obj`) REFERENCES `objeto` (`id_obj`),
  ADD CONSTRAINT `fk_id_usuario` FOREIGN KEY (`id_usuario`) REFERENCES `usuario` (`id_usuario`);

--
-- Limitadores para a tabela `comentarios`
--
ALTER TABLE `comentarios`
  ADD CONSTRAINT `fk_c_id_obj` FOREIGN KEY (`id_obj`) REFERENCES `objeto` (`id_obj`),
  ADD CONSTRAINT `fk_c_id_usuario` FOREIGN KEY (`id_usuario`) REFERENCES `usuario` (`id_usuario`);
COMMIT;

/*!40101 SET CHARACTER_SET_CLIENT=@OLD_CHARACTER_SET_CLIENT */;
/*!40101 SET CHARACTER_SET_RESULTS=@OLD_CHARACTER_SET_RESULTS */;
/*!40101 SET COLLATION_CONNECTION=@OLD_COLLATION_CONNECTION */;
